番号,11,
名前,プレア
呼び名,プレア
CSTR,0,イツミ
CSTR,1,プレア
CSTR,2,53
CSTR,3,プレア
CSTR,4,プレア
CSTR,5,イツミ
CSTR,6,プレア
CSTR,7,プレア
CSTR,8,人間
CSTR,99,プレア

基礎,体力,2200,
基礎,気力,2000,
基礎,精神力,2000,

基礎,身長,170.4,;cm
基礎,体重,59.6,;kg
基礎,バスト,88.4,;cm
基礎,ウェスト,57.6,;cm
基礎,ヒップ,82.7,;cm

能力,白兵,95,;戦闘用生体兵器のため超優秀。
能力,操艦,35,;シミュレーターによる基礎訓練の為、並み程度。
能力,知略,55,;頭は悪くないがこの辺りの能力は期待されていなかった為伸びてない。
能力,政治,11,;指揮等は求められてなかったためこの辺の学習はされてない。

能力,歌唱,36,;音痴ではないレベル。
能力,料理,17,;自分で料理を作るという事がなかったため。
能力,話術,49,;潜入で問題ない程度。
能力,社交,46,;同上。

能力,主導度Ｎ,-100
能力,主導度Ｕ,-100
能力,倒錯度,0
能力,野心,1

能力,奉仕,1
能力,肝臓,8;内臓強化の為。

;素質は縦に長くなるため目が滑らないように適宜段落替え

素質,性別,1
素質,処女,1
素質,童貞,1
素質,キス未経験,1
素質,アナル処女,1

素質,大人しい,1
素質,悲観的,1
素質,孤高,1
素質,習得早い,1
素質,汚臭敏感,1

素質,献身的,1
素質,回復早い,1
素質,美脚,1
素質,動物耳,1
素質,しっぽ,1

素質,成長型,0
素質,性格,1
素質,髪色,0x241414,;こげ茶
素質,髪の長さ,5,
素質,姓名逆転,1

素質,Ｖ締まり,800
素質,Ａ締まり,900
素質,陰毛現在値,1
素質,陰毛目標値,2
素質,腋毛現在値,0
素質,腋毛目標値,0

素質,バストサイズ,1
素質,ヒップサイズ,1
素質,体型,0
素質,体格,0


相性,12,150;ウェインの事を信頼している
