番号,3,
名前,クリスティーナ＝Ｒ＝クラーク,
呼び名,クリスティ,
CSTR,0,クラーク
CSTR,1,クリスティーナ
CSTR,2,ローズ
CSTR,3,クリスティーナ
CSTR,4,クリスティーナ
CSTR,5,クラーク
CSTR,6,クリスティーナ
CSTR,7,クリスティーナ
CSTR,8,人間
CSTR,99,クリスティ

基礎,体力,1900,
基礎,気力,2100,
基礎,精神力,2800,

基礎,身長,153.8,;cm
基礎,体重,47.6,;kg
基礎,バスト,70.3,;cm
基礎,ウェスト,57.6,;cm
基礎,ヒップ,84.7,;cm

能力,白兵,70,;優秀。軍用サイボーグとも互角に渡り合えるが、聖騎士としてはそれなり。
能力,操艦,56,;軍人全体から見ると平均的。
能力,知略,64,;やや優秀。応用力が比較的優れている。
能力,政治,48,;人望はあるが政治的な手腕を用いる経験は浅い。
能力,超能力,84,;聖騎士の中でも非常に優秀。本来の素養も優れているが、何より幼少期から使い慣れているという点がかなり大きい。

能力,歌唱,45,;音程を外さず歌えるがプロの歌手には勝てない程度。
能力,料理,40,;自炊なら合格点。それ以上となると厳しいのかも。
能力,話術,36,;話題のチョイスはそれなりだが、意見の通し合いは少し苦手。
能力,社交,55,;士官としては合格点。但し素の人望などを含む。

能力,主導度Ｎ,0
能力,主導度Ｕ,-150
能力,倒錯度,0
能力,野心,12

能力,性知識,2
能力,奉仕,1
能力,肝臓,2

;素質は縦に長くなるため目が滑らないように適宜段落替え

素質,性別,1
素質,処女,1
素質,童貞,1
素質,キス未経験,1
素質,アナル処女,1

素質,気丈,1
素質,大人しい,1
素質,自制心,1
素質,保守的,1
素質,貞操観念,1

素質,習得早い,1
素質,献身的,1
素質,回復早い,1
素質,超能力者,1
素質,天の御遣い,1

素質,成長型,3
素質,性格,1
素質,髪色,0x3B3B3B,;黒
素質,髪の長さ,5,
素質,姓名逆転,1

素質,Ｖ締まり,840
素質,Ａ締まり,780
素質,陰毛現在値,2
素質,陰毛目標値,2
素質,腋毛現在値,0
素質,腋毛目標値,0

素質,バストサイズ,-2
素質,ヒップサイズ,1
素質,体型,0
素質,体格,0



相性,4,120 ;ジェイン



