番号,4,
名前,ジェイン,
呼び名,ジェイン,
CSTR,0,キャロル
CSTR,1,ジェイン
CSTR,2,バティスタ
CSTR,3,ジェイン
CSTR,4,ジェイン
CSTR,5,キャロル
CSTR,6,ジェイン
CSTR,7,ジェイン
CSTR,8,人間
CSTR,99,ジェイン

基礎,体力,1700,
基礎,気力,2300,
基礎,精神力,2200,

基礎,身長,166.6,;cm
基礎,体重,56.2,;kg
基礎,バスト,77,;cm
基礎,ウェスト,56.3,;cm
基礎,ヒップ,78.6,;cm

能力,白兵,11,;経験が無い上に非力。
能力,操艦,72,;非常に優秀。調査船で危険な宙域を潜り抜く経験がそれなりにあった。
能力,知略,42,;地頭は良いのだが戦略や戦術となると知識はあれど経験が殆ど無い。
能力,政治,14,;「そういうのをどうにかするのが文系の仕事ではないのかい？」

能力,目星,66,
能力,歌唱,37,;少なくとも音痴ではないものの、常人としては平凡。
能力,料理,13,;食材から料理を作った経験が本当に全く無い。
能力,話術,49,;会話そのものは得意なはずだが、話題上の『地雷』に意図せず触れてしまうことも多々ある。
能力,社交,19,;見た目の印象に反して、意外と細かい部分で行儀が悪かったりする。

能力,主導度Ｎ,0
能力,主導度Ｕ,0
能力,倒錯度,0
能力,野心,33

能力,性知識,2
能力,肝臓,3

素質,性別,1
素質,処女,1
素質,童貞,1
素質,キス未経験,1
素質,アナル処女,1

素質,気丈,1
素質,プライド高い,1
素質,好奇心,1
素質,楽観的,1
素質,痛みに強い,1

素質,習得早い,1
素質,両刀,1
素質,技師,1

素質,成長型,1
素質,性格,3
素質,髪色,0xFFFF00
素質,髪の長さ,3
素質,姓名逆転,1

素質,Ｖ締まり,880
素質,Ａ締まり,870
素質,陰毛現在値,2
素質,陰毛目標値,2
素質,腋毛現在値,0
素質,腋毛目標値,0
素質,バストサイズ,0
素質,ヒップサイズ,0
素質,体型,0
素質,体格,0

相性,3,120 ;クリスティーナ






